{
  "profile": {
    "name": "Wesley Allen",
    "emails": {
      "emails": [
        "echswbosse@gmail.com"
      ]
    },
    "birthday": {
      "year": 1994,
      "month": 2,
      "day": 1
    },
    "gender": {
      "gender_option": "MALE",
      "pronoun": "MALE"
    },
    "hometown": "Hell, Norway",
    "relationship": {
      "status": "Single"
    },
    "education_experiences": [
      {
        "name": "Escondido Charter High School",
        "end_date": {
          "year": 2010
        },
        "graduated": true
      },
      {
        "name": "Palomar",
        "graduated": true
      }
    ],
    "interested_in": [
      "FEMALE"
    ],
    "political_view": {
      "name": "Communist Party of Bohemia and Moravia"
    },
    "religious_view": {
      "name": "Christian"
    },
    "screen_names": [
      {
        "service_name": "AIM",
        "names": [
          "dabrkfstofchamps"
        ]
      }
    ],
    "address": {
      
    },
    "phone_numbers": [
      {
        "phone_type": "Mobile",
        "phone_number": "(760) 532-8001",
        "verified": false
      }
    ],
    "about_me": "i am me.",
    "favorite_quotes": "Yes, you can do it that way, but there is one more thing you have to take into consideration. My method involves Whiskey, Women, and spoons. Now which sounds more fun to you?",
    "registration_timestamp": 1225919264,
    "profile_uri": "https://www.facebook.com/profile.php?id=1633417839"
  }
}