{
  "account_activity": [
    {
      "action": "Session updated",
      "timestamp": 1525804672,
      "ip_address": "98.176.89.61",
      "user_agent": "Mozilla/5.0 (Windows NT 10.0; Win64; x64) AppleWebKit/537.36 (KHTML, like Gecko) Chrome/66.0.3359.139 Safari/537.36",
      "datr_cookie": "61ZV********************"
    },
    {
      "action": "Session updated",
      "timestamp": 1525742298,
      "ip_address": "98.176.89.61",
      "user_agent": "Mozilla/5.0 (Macintosh; Intel Mac OS X 10_13_4) AppleWebKit/537.36 (KHTML, like Gecko) Chrome/66.0.3359.139 Safari/537.36",
      "datr_cookie": "FLhw********************"
    },
    {
      "action": "Session updated",
      "timestamp": 1525646171,
      "ip_address": "98.176.89.61",
      "user_agent": "Mozilla/5.0 (Windows NT 10.0; Win64; x64) AppleWebKit/537.36 (KHTML, like Gecko) Chrome/66.0.3359.139 Safari/537.36",
      "datr_cookie": "61ZV********************"
    },
    {
      "action": "Session updated",
      "timestamp": 1525629999,
      "ip_address": "99.203.10.128",
      "user_agent": "Mozilla/5.0 (iPhone; CPU iPhone OS 11_3 like Mac OS X) AppleWebKit/604.1.34 (KHTML, like Gecko) CriOS/65.0.3325.152 Mobile/15E216 Safari/604.1",
      "datr_cookie": "P0Bc********************"
    },
    {
      "action": "Session updated",
      "timestamp": 1525538363,
      "ip_address": "98.176.89.61",
      "user_agent": "Mozilla/5.0 (Windows NT 10.0; Win64; x64) AppleWebKit/537.36 (KHTML, like Gecko) Chrome/66.0.3359.139 Safari/537.36",
      "datr_cookie": "61ZV********************"
    },
    {
      "action": "Session updated",
      "timestamp": 1525448576,
      "ip_address": "99.203.11.107",
      "user_agent": "Mozilla/5.0 (iPhone; CPU iPhone OS 11_3 like Mac OS X) AppleWebKit/604.1.34 (KHTML, like Gecko) CriOS/65.0.3325.152 Mobile/15E216 Safari/604.1",
      "datr_cookie": "P0Bc********************"
    },
    {
      "action": "Session updated",
      "timestamp": 1525409638,
      "ip_address": "98.176.89.61",
      "user_agent": "Mozilla/5.0 (Macintosh; Intel Mac OS X 10_13_4) AppleWebKit/537.36 (KHTML, like Gecko) Chrome/66.0.3359.139 Safari/537.36",
      "datr_cookie": "FLhw********************"
    },
    {
      "action": "Session updated",
      "timestamp": 1525390464,
      "ip_address": "98.176.89.61",
      "user_agent": "Mozilla/5.0 (Macintosh; Intel Mac OS X 10_13_4) AppleWebKit/537.36 (KHTML, like Gecko) Chrome/66.0.3359.139 Safari/537.36",
      "datr_cookie": "FLhw********************"
    },
    {
      "action": "Session updated",
      "timestamp": 1525335244,
      "ip_address": "98.176.89.61",
      "user_agent": "Mozilla/5.0 (Macintosh; Intel Mac OS X 10_13_4) AppleWebKit/537.36 (KHTML, like Gecko) Chrome/66.0.3359.139 Safari/537.36",
      "datr_cookie": "FLhw********************"
    },
    {
      "action": "Session updated",
      "timestamp": 1525272199,
      "ip_address": "98.176.89.61",
      "user_agent": "Mozilla/5.0 (Windows NT 10.0; Win64; x64) AppleWebKit/537.36 (KHTML, like Gecko) Chrome/66.0.3359.139 Safari/537.36",
      "datr_cookie": "61ZV********************"
    },
    {
      "action": "Session updated",
      "timestamp": 1525220148,
      "ip_address": "98.176.89.61",
      "user_agent": "Mozilla/5.0 (Macintosh; Intel Mac OS X 10_13_4) AppleWebKit/537.36 (KHTML, like Gecko) Chrome/66.0.3359.139 Safari/537.36",
      "datr_cookie": "FLhw********************"
    },
    {
      "action": "Session updated",
      "timestamp": 1525140402,
      "ip_address": "98.176.89.61",
      "user_agent": "Mozilla/5.0 (Macintosh; Intel Mac OS X 10_13_4) AppleWebKit/537.36 (KHTML, like Gecko) Chrome/66.0.3359.139 Safari/537.36",
      "datr_cookie": "FLhw********************"
    },
    {
      "action": "Session updated",
      "timestamp": 1525100961,
      "ip_address": "98.176.89.61",
      "user_agent": "Mozilla/5.0 (Windows NT 10.0; Win64; x64) AppleWebKit/537.36 (KHTML, like Gecko) Chrome/66.0.3359.139 Safari/537.36",
      "datr_cookie": "61ZV********************"
    },
    {
      "action": "Session updated",
      "timestamp": 1525037401,
      "ip_address": "98.176.89.61",
      "user_agent": "Mozilla/5.0 (Windows NT 10.0; Win64; x64) AppleWebKit/537.36 (KHTML, like Gecko) Chrome/66.0.3359.139 Safari/537.36",
      "datr_cookie": "61ZV********************"
    },
    {
      "action": "Session updated",
      "timestamp": 1525020145,
      "ip_address": "98.176.89.61",
      "user_agent": "Mozilla/5.0 (Windows NT 10.0; Win64; x64) AppleWebKit/537.36 (KHTML, like Gecko) Chrome/66.0.3359.139 Safari/537.36",
      "datr_cookie": "61ZV********************"
    },
    {
      "action": "Session updated",
      "timestamp": 1524955598,
      "ip_address": "98.176.89.61",
      "user_agent": "Mozilla/5.0 (Windows NT 10.0; Win64; x64) AppleWebKit/537.36 (KHTML, like Gecko) Chrome/66.0.3359.139 Safari/537.36",
      "datr_cookie": "61ZV********************"
    },
    {
      "action": "Session updated",
      "timestamp": 1524931677,
      "ip_address": "99.203.11.71",
      "user_agent": "Mozilla/5.0 (iPhone; CPU iPhone OS 11_3 like Mac OS X) AppleWebKit/604.1.34 (KHTML, like Gecko) CriOS/65.0.3325.152 Mobile/15E216 Safari/604.1",
      "datr_cookie": "P0Bc********************"
    },
    {
      "action": "Session updated",
      "timestamp": 1524888027,
      "ip_address": "98.176.89.61",
      "user_agent": "Mozilla/5.0 (Windows NT 10.0; Win64; x64) AppleWebKit/537.36 (KHTML, like Gecko) Chrome/66.0.3359.139 Safari/537.36",
      "datr_cookie": "61ZV********************"
    },
    {
      "action": "Session updated",
      "timestamp": 1524883318,
      "ip_address": "98.176.89.61",
      "user_agent": "Mozilla/5.0 (Macintosh; Intel Mac OS X 10_13_4) AppleWebKit/537.36 (KHTML, like Gecko) Chrome/66.0.3359.139 Safari/537.36",
      "datr_cookie": "FLhw********************"
    },
    {
      "action": "Login",
      "timestamp": 1524862547,
      "ip_address": "98.176.89.61",
      "user_agent": "Mozilla/5.0 (iPhone; CPU iPhone OS 11_3 like Mac OS X) AppleWebKit/605.1.15 (KHTML, like Gecko) Version/11.0 Mobile/15E148 Safari/604.1",
      "datr_cookie": "GTIL********************"
    },
    {
      "action": "Session updated",
      "timestamp": 1524841388,
      "ip_address": "98.176.89.61",
      "user_agent": "Mozilla/5.0 (Windows NT 10.0; Win64; x64) AppleWebKit/537.36 (KHTML, like Gecko) Chrome/65.0.3325.181 Safari/537.36",
      "datr_cookie": "61ZV********************"
    },
    {
      "action": "Session updated",
      "timestamp": 1524803804,
      "ip_address": "98.176.89.61",
      "user_agent": "Mozilla/5.0 (Macintosh; Intel Mac OS X 10_13_4) AppleWebKit/537.36 (KHTML, like Gecko) Chrome/66.0.3359.139 Safari/537.36",
      "datr_cookie": "FLhw********************"
    },
    {
      "action": "Session updated",
      "timestamp": 1524796607,
      "ip_address": "98.176.89.61",
      "user_agent": "Mozilla/5.0 (Macintosh; Intel Mac OS X 10_13_4) AppleWebKit/537.36 (KHTML, like Gecko) Chrome/65.0.3325.181 Safari/537.36",
      "datr_cookie": "FLhw********************"
    },
    {
      "action": "Session updated",
      "timestamp": 1524789273,
      "ip_address": "98.176.89.61",
      "user_agent": "Mozilla/5.0 (Macintosh; Intel Mac OS X 10_13_4) AppleWebKit/537.36 (KHTML, like Gecko) Chrome/65.0.3325.181 Safari/537.36",
      "datr_cookie": "FLhw********************"
    },
    {
      "action": "Session updated",
      "timestamp": 1524784397,
      "ip_address": "98.176.89.61",
      "user_agent": "Mozilla/5.0 (Windows NT 10.0; Win64; x64) AppleWebKit/537.36 (KHTML, like Gecko) Chrome/65.0.3325.181 Safari/537.36",
      "datr_cookie": "61ZV********************"
    },
    {
      "action": "Session updated",
      "timestamp": 1524606756,
      "ip_address": "172.91.76.65",
      "user_agent": "Mozilla/5.0 (Macintosh; Intel Mac OS X 10_13_4) AppleWebKit/537.36 (KHTML, like Gecko) Chrome/65.0.3325.181 Safari/537.36",
      "datr_cookie": "FLhw********************"
    },
    {
      "action": "Session updated",
      "timestamp": 1524598011,
      "ip_address": "172.91.76.65",
      "user_agent": "Mozilla/5.0 (Windows NT 10.0; Win64; x64) AppleWebKit/537.36 (KHTML, like Gecko) Chrome/65.0.3325.181 Safari/537.36",
      "datr_cookie": "61ZV********************"
    },
    {
      "action": "Session updated",
      "timestamp": 1524587831,
      "ip_address": "172.91.76.65",
      "user_agent": "Mozilla/5.0 (Macintosh; Intel Mac OS X 10_13_4) AppleWebKit/537.36 (KHTML, like Gecko) Chrome/65.0.3325.181 Safari/537.36",
      "datr_cookie": "FLhw********************"
    },
    {
      "action": "Session updated",
      "timestamp": 1524582712,
      "ip_address": "172.91.76.65",
      "user_agent": "Mozilla/5.0 (Macintosh; Intel Mac OS X 10_13_4) AppleWebKit/537.36 (KHTML, like Gecko) Chrome/65.0.3325.181 Safari/537.36",
      "datr_cookie": "FLhw********************"
    },
    {
      "action": "Session updated",
      "timestamp": 1524464484,
      "ip_address": "172.91.76.65",
      "user_agent": "Mozilla/5.0 (Windows NT 10.0; Win64; x64) AppleWebKit/537.36 (KHTML, like Gecko) Chrome/65.0.3325.181 Safari/537.36",
      "datr_cookie": "61ZV********************"
    },
    {
      "action": "Session updated",
      "timestamp": 1524265544,
      "ip_address": "98.176.89.61",
      "user_agent": "Mozilla/5.0 (Macintosh; Intel Mac OS X 10_13_4) AppleWebKit/537.36 (KHTML, like Gecko) Chrome/65.0.3325.181 Safari/537.36",
      "datr_cookie": "FLhw********************"
    },
    {
      "action": "Session updated",
      "timestamp": 1524190756,
      "ip_address": "2606:6000:ce0c:6500:9016:532a:f33:5657",
      "user_agent": "Mozilla/5.0 (Macintosh; Intel Mac OS X 10_13_4) AppleWebKit/537.36 (KHTML, like Gecko) Chrome/65.0.3325.181 Safari/537.36",
      "datr_cookie": "FLhw********************"
    },
    {
      "action": "Session updated",
      "timestamp": 1524153398,
      "ip_address": "98.176.89.61",
      "user_agent": "Mozilla/5.0 (Macintosh; Intel Mac OS X 10_13_4) AppleWebKit/537.36 (KHTML, like Gecko) Chrome/65.0.3325.181 Safari/537.36",
      "datr_cookie": "FLhw********************"
    },
    {
      "action": "Session updated",
      "timestamp": 1524012615,
      "ip_address": "70.42.240.30",
      "user_agent": "Mozilla/5.0 (Macintosh; Intel Mac OS X 10_13_4) AppleWebKit/537.36 (KHTML, like Gecko) Chrome/65.0.3325.181 Safari/537.36",
      "datr_cookie": "FLhw********************"
    },
    {
      "action": "Session updated",
      "timestamp": 1523890887,
      "ip_address": "172.91.76.65",
      "user_agent": "Mozilla/5.0 (Macintosh; Intel Mac OS X 10_13_4) AppleWebKit/537.36 (KHTML, like Gecko) Chrome/65.0.3325.181 Safari/537.36",
      "datr_cookie": "FLhw********************"
    },
    {
      "action": "Session updated",
      "timestamp": 1523804049,
      "ip_address": "64.118.102.170",
      "user_agent": "Mozilla/5.0 (iPhone; CPU iPhone OS 11_3 like Mac OS X) AppleWebKit/604.1.34 (KHTML, like Gecko) CriOS/65.0.3325.152 Mobile/15E216 Safari/604.1",
      "datr_cookie": "P0Bc********************"
    },
    {
      "action": "Session updated",
      "timestamp": 1523766637,
      "ip_address": "66.87.134.35",
      "user_agent": "Mozilla/5.0 (iPhone; CPU iPhone OS 11_3 like Mac OS X) AppleWebKit/604.1.34 (KHTML, like Gecko) CriOS/65.0.3325.152 Mobile/15E216 Safari/604.1",
      "datr_cookie": "P0Bc********************"
    },
    {
      "action": "Session updated",
      "timestamp": 1523589925,
      "ip_address": "70.42.240.30",
      "user_agent": "Mozilla/5.0 (Macintosh; Intel Mac OS X 10_13_4) AppleWebKit/537.36 (KHTML, like Gecko) Chrome/65.0.3325.181 Safari/537.36",
      "datr_cookie": "FLhw********************"
    },
    {
      "action": "Session updated",
      "timestamp": 1523574493,
      "ip_address": "98.176.89.61",
      "user_agent": "Mozilla/5.0 (Macintosh; Intel Mac OS X 10_13_4) AppleWebKit/537.36 (KHTML, like Gecko) Chrome/65.0.3325.181 Safari/537.36",
      "datr_cookie": "FLhw********************"
    },
    {
      "action": "Session updated",
      "timestamp": 1523512521,
      "ip_address": "98.176.89.61",
      "user_agent": "Mozilla/5.0 (Macintosh; Intel Mac OS X 10_13_4) AppleWebKit/537.36 (KHTML, like Gecko) Chrome/65.0.3325.181 Safari/537.36",
      "datr_cookie": "FLhw********************"
    },
    {
      "action": "Session updated",
      "timestamp": 1523469176,
      "ip_address": "70.42.240.30",
      "user_agent": "Mozilla/5.0 (Macintosh; Intel Mac OS X 10_11_6) AppleWebKit/537.36 (KHTML, like Gecko) Chrome/65.0.3325.181 Safari/537.36",
      "datr_cookie": "FLhw********************"
    },
    {
      "action": "Session updated",
      "timestamp": 1523386250,
      "ip_address": "71.177.221.212",
      "user_agent": "Mozilla/5.0 (Macintosh; Intel Mac OS X 10_11_6) AppleWebKit/537.36 (KHTML, like Gecko) Chrome/65.0.3325.181 Safari/537.36",
      "datr_cookie": "FLhw********************"
    },
    {
      "action": "Session updated",
      "timestamp": 1523304457,
      "ip_address": "71.177.221.212",
      "user_agent": "Mozilla/5.0 (Macintosh; Intel Mac OS X 10_11_6) AppleWebKit/537.36 (KHTML, like Gecko) Chrome/65.0.3325.181 Safari/537.36",
      "datr_cookie": "FLhw********************"
    },
    {
      "action": "Session updated",
      "timestamp": 1523300381,
      "ip_address": "71.177.221.212",
      "user_agent": "Mozilla/5.0 (Macintosh; Intel Mac OS X 10_11_6) AppleWebKit/537.36 (KHTML, like Gecko) Chrome/65.0.3325.181 Safari/537.36",
      "datr_cookie": "FLhw********************"
    },
    {
      "action": "Session updated",
      "timestamp": 1523234197,
      "ip_address": "172.91.76.65",
      "user_agent": "Mozilla/5.0 (Macintosh; Intel Mac OS X 10_11_6) AppleWebKit/537.36 (KHTML, like Gecko) Chrome/65.0.3325.181 Safari/537.36",
      "datr_cookie": "FLhw********************"
    },
    {
      "action": "Session updated",
      "timestamp": 1523225787,
      "ip_address": "172.91.76.65",
      "user_agent": "Mozilla/5.0 (Windows NT 10.0; Win64; x64) AppleWebKit/537.36 (KHTML, like Gecko) Chrome/65.0.3325.181 Safari/537.36",
      "datr_cookie": "61ZV********************"
    },
    {
      "action": "Session updated",
      "timestamp": 1523197775,
      "ip_address": "172.91.76.65",
      "user_agent": "Mozilla/5.0 (Windows NT 10.0; Win64; x64) AppleWebKit/537.36 (KHTML, like Gecko) Chrome/65.0.3325.181 Safari/537.36",
      "datr_cookie": "61ZV********************"
    },
    {
      "action": "Login",
      "timestamp": 1523135592,
      "ip_address": "172.91.76.65",
      "user_agent": "Mozilla/5.0 (Windows NT 10.0; Win64; x64) AppleWebKit/537.36 (KHTML, like Gecko) Chrome/65.0.3325.181 Safari/537.36",
      "datr_cookie": "61ZV********************"
    },
    {
      "action": "Login",
      "timestamp": 1523124737,
      "ip_address": "99.203.10.35",
      "user_agent": "Mozilla/5.0 (iPhone; CPU iPhone OS 11_0_3 like Mac OS X) AppleWebKit/604.1.38 (KHTML, like Gecko) Version/11.0 Mobile/15A432 Safari/604.1",
      "datr_cookie": "-QnJ********************"
    },
    {
      "action": "Session updated",
      "timestamp": 1522984909,
      "ip_address": "99.203.10.16",
      "user_agent": "Mozilla/5.0 (iPhone; CPU iPhone OS 11_0_3 like Mac OS X) AppleWebKit/604.1.34 (KHTML, like Gecko) CriOS/63.0.3239.73 Mobile/15A432 Safari/604.1",
      "datr_cookie": "P0Bc********************"
    },
    {
      "action": "Session updated",
      "timestamp": 1522965918,
      "ip_address": "172.91.76.65",
      "user_agent": "Mozilla/5.0 (Macintosh; Intel Mac OS X 10_11_6) AppleWebKit/537.36 (KHTML, like Gecko) Chrome/65.0.3325.181 Safari/537.36",
      "datr_cookie": "FLhw********************"
    },
    {
      "action": "Session updated",
      "timestamp": 1522891391,
      "ip_address": "172.91.76.65",
      "user_agent": "Mozilla/5.0 (Macintosh; Intel Mac OS X 10_11_6) AppleWebKit/537.36 (KHTML, like Gecko) Chrome/65.0.3325.181 Safari/537.36",
      "datr_cookie": "FLhw********************"
    },
    {
      "action": "Session updated",
      "timestamp": 1522858349,
      "ip_address": "71.177.221.212",
      "user_agent": "Mozilla/5.0 (Macintosh; Intel Mac OS X 10_11_6) AppleWebKit/537.36 (KHTML, like Gecko) Chrome/65.0.3325.181 Safari/537.36",
      "datr_cookie": "FLhw********************"
    },
    {
      "action": "Session updated",
      "timestamp": 1522796689,
      "ip_address": "71.177.221.212",
      "user_agent": "Mozilla/5.0 (Macintosh; Intel Mac OS X 10_11_6) AppleWebKit/537.36 (KHTML, like Gecko) Chrome/65.0.3325.181 Safari/537.36",
      "datr_cookie": "FLhw********************"
    },
    {
      "action": "Session updated",
      "timestamp": 1522790837,
      "ip_address": "71.177.221.212",
      "user_agent": "Mozilla/5.0 (Macintosh; Intel Mac OS X 10_11_6) AppleWebKit/537.36 (KHTML, like Gecko) Chrome/65.0.3325.181 Safari/537.36",
      "datr_cookie": "FLhw********************"
    },
    {
      "action": "Session updated",
      "timestamp": 1522710797,
      "ip_address": "71.177.221.212",
      "user_agent": "Mozilla/5.0 (Macintosh; Intel Mac OS X 10_11_6) AppleWebKit/537.36 (KHTML, like Gecko) Chrome/65.0.3325.181 Safari/537.36",
      "datr_cookie": "FLhw********************"
    },
    {
      "action": "Session updated",
      "timestamp": 1522704164,
      "ip_address": "71.177.221.212",
      "user_agent": "Mozilla/5.0 (Macintosh; Intel Mac OS X 10_11_6) AppleWebKit/537.36 (KHTML, like Gecko) Chrome/65.0.3325.181 Safari/537.36",
      "datr_cookie": "FLhw********************"
    },
    {
      "action": "Session updated",
      "timestamp": 1522696702,
      "ip_address": "71.177.221.212",
      "user_agent": "Mozilla/5.0 (Macintosh; Intel Mac OS X 10_11_6) AppleWebKit/537.36 (KHTML, like Gecko) Chrome/65.0.3325.181 Safari/537.36",
      "datr_cookie": "FLhw********************"
    },
    {
      "action": "Session updated",
      "timestamp": 1522688361,
      "ip_address": "71.177.221.212",
      "user_agent": "Mozilla/5.0 (Macintosh; Intel Mac OS X 10_11_6) AppleWebKit/537.36 (KHTML, like Gecko) Chrome/65.0.3325.181 Safari/537.36",
      "datr_cookie": "FLhw********************"
    },
    {
      "action": "Session updated",
      "timestamp": 1522449938,
      "ip_address": "4.15.165.222",
      "user_agent": "Mozilla/5.0 (Macintosh; Intel Mac OS X 10_11_6) AppleWebKit/537.36 (KHTML, like Gecko) Chrome/65.0.3325.181 Safari/537.36",
      "datr_cookie": "FLhw********************"
    },
    {
      "action": "Session updated",
      "timestamp": 1522445471,
      "ip_address": "99.203.10.199",
      "user_agent": "Mozilla/5.0 (iPhone; CPU iPhone OS 11_0_3 like Mac OS X) AppleWebKit/604.1.34 (KHTML, like Gecko) CriOS/63.0.3239.73 Mobile/15A432 Safari/604.1",
      "datr_cookie": "P0Bc********************"
    },
    {
      "action": "Session updated",
      "timestamp": 1522433092,
      "ip_address": "71.177.221.212",
      "user_agent": "Mozilla/5.0 (Macintosh; Intel Mac OS X 10_11_6) AppleWebKit/537.36 (KHTML, like Gecko) Chrome/65.0.3325.181 Safari/537.36",
      "datr_cookie": "FLhw********************"
    },
    {
      "action": "Session updated",
      "timestamp": 1522373307,
      "ip_address": "172.91.76.65",
      "user_agent": "Mozilla/5.0 (Macintosh; Intel Mac OS X 10_11_6) AppleWebKit/537.36 (KHTML, like Gecko) Chrome/65.0.3325.162 Safari/537.36",
      "datr_cookie": "FLhw********************"
    },
    {
      "action": "Session updated",
      "timestamp": 1522336617,
      "ip_address": "172.91.76.65",
      "user_agent": "Mozilla/5.0 (Macintosh; Intel Mac OS X 10_11_6) AppleWebKit/537.36 (KHTML, like Gecko) Chrome/65.0.3325.162 Safari/537.36",
      "datr_cookie": "FLhw********************"
    },
    {
      "action": "Session updated",
      "timestamp": 1522278843,
      "ip_address": "71.177.221.212",
      "user_agent": "Mozilla/5.0 (Macintosh; Intel Mac OS X 10_11_6) AppleWebKit/537.36 (KHTML, like Gecko) Chrome/65.0.3325.162 Safari/537.36",
      "datr_cookie": "FLhw********************"
    },
    {
      "action": "Session updated",
      "timestamp": 1522271129,
      "ip_address": "71.177.221.212",
      "user_agent": "Mozilla/5.0 (Macintosh; Intel Mac OS X 10_11_6) AppleWebKit/537.36 (KHTML, like Gecko) Chrome/65.0.3325.162 Safari/537.36",
      "datr_cookie": "FLhw********************"
    },
    {
      "action": "Session updated",
      "timestamp": 1522172819,
      "ip_address": "71.177.221.212",
      "user_agent": "Mozilla/5.0 (Macintosh; Intel Mac OS X 10_11_6) AppleWebKit/537.36 (KHTML, like Gecko) Chrome/65.0.3325.162 Safari/537.36",
      "datr_cookie": "FLhw********************"
    },
    {
      "action": "Session updated",
      "timestamp": 1522084322,
      "ip_address": "71.177.221.212",
      "user_agent": "Mozilla/5.0 (Macintosh; Intel Mac OS X 10_11_6) AppleWebKit/537.36 (KHTML, like Gecko) Chrome/65.0.3325.162 Safari/537.36",
      "datr_cookie": "FLhw********************"
    },
    {
      "action": "Session updated",
      "timestamp": 1522026271,
      "ip_address": "172.91.76.65",
      "user_agent": "Mozilla/5.0 (Macintosh; Intel Mac OS X 10_11_6) AppleWebKit/537.36 (KHTML, like Gecko) Chrome/65.0.3325.162 Safari/537.36",
      "datr_cookie": "FLhw********************"
    },
    {
      "action": "Session updated",
      "timestamp": 1522001136,
      "ip_address": "172.91.76.65",
      "user_agent": "Mozilla/5.0 (Macintosh; Intel Mac OS X 10_11_6) AppleWebKit/537.36 (KHTML, like Gecko) Chrome/65.0.3325.162 Safari/537.36",
      "datr_cookie": "FLhw********************"
    },
    {
      "action": "Session updated",
      "timestamp": 1521854843,
      "ip_address": "172.91.76.65",
      "user_agent": "Mozilla/5.0 (Macintosh; Intel Mac OS X 10_11_6) AppleWebKit/537.36 (KHTML, like Gecko) Chrome/65.0.3325.162 Safari/537.36",
      "datr_cookie": "FLhw********************"
    },
    {
      "action": "Session updated",
      "timestamp": 1521830788,
      "ip_address": "71.177.221.212",
      "user_agent": "Mozilla/5.0 (Macintosh; Intel Mac OS X 10_11_6) AppleWebKit/537.36 (KHTML, like Gecko) Chrome/65.0.3325.162 Safari/537.36",
      "datr_cookie": "FLhw********************"
    },
    {
      "action": "Session updated",
      "timestamp": 1521812249,
      "ip_address": "172.91.76.65",
      "user_agent": "Mozilla/5.0 (Macintosh; Intel Mac OS X 10_11_6) AppleWebKit/537.36 (KHTML, like Gecko) Chrome/65.0.3325.162 Safari/537.36",
      "datr_cookie": "FLhw********************"
    },
    {
      "action": "Session updated",
      "timestamp": 1521807393,
      "ip_address": "172.91.76.65",
      "user_agent": "Mozilla/5.0 (Macintosh; Intel Mac OS X 10_11_6) AppleWebKit/537.36 (KHTML, like Gecko) Chrome/65.0.3325.162 Safari/537.36",
      "datr_cookie": "FLhw********************"
    },
    {
      "action": "Session updated",
      "timestamp": 1521760342,
      "ip_address": "71.177.221.212",
      "user_agent": "Mozilla/5.0 (Macintosh; Intel Mac OS X 10_11_6) AppleWebKit/537.36 (KHTML, like Gecko) Chrome/65.0.3325.162 Safari/537.36",
      "datr_cookie": "FLhw********************"
    },
    {
      "action": "Session updated",
      "timestamp": 1521741598,
      "ip_address": "71.177.221.212",
      "user_agent": "Mozilla/5.0 (Macintosh; Intel Mac OS X 10_11_6) AppleWebKit/537.36 (KHTML, like Gecko) Chrome/65.0.3325.162 Safari/537.36",
      "datr_cookie": "FLhw********************"
    },
    {
      "action": "Session updated",
      "timestamp": 1521666679,
      "ip_address": "172.91.76.65",
      "user_agent": "Mozilla/5.0 (Macintosh; Intel Mac OS X 10_11_6) AppleWebKit/537.36 (KHTML, like Gecko) Chrome/65.0.3325.162 Safari/537.36",
      "datr_cookie": "FLhw********************"
    },
    {
      "action": "Session updated",
      "timestamp": 1521658564,
      "ip_address": "172.91.76.65",
      "user_agent": "Mozilla/5.0 (Macintosh; Intel Mac OS X 10_11_6) AppleWebKit/537.36 (KHTML, like Gecko) Chrome/65.0.3325.162 Safari/537.36",
      "datr_cookie": "FLhw********************"
    },
    {
      "action": "Session updated",
      "timestamp": 1521586103,
      "ip_address": "71.177.221.212",
      "user_agent": "Mozilla/5.0 (Macintosh; Intel Mac OS X 10_11_6) AppleWebKit/537.36 (KHTML, like Gecko) Chrome/65.0.3325.162 Safari/537.36",
      "datr_cookie": "FLhw********************"
    },
    {
      "action": "Session updated",
      "timestamp": 1521581594,
      "ip_address": "71.177.221.212",
      "user_agent": "Mozilla/5.0 (Macintosh; Intel Mac OS X 10_11_6) AppleWebKit/537.36 (KHTML, like Gecko) Chrome/65.0.3325.162 Safari/537.36",
      "datr_cookie": "FLhw********************"
    },
    {
      "action": "Session updated",
      "timestamp": 1521576222,
      "ip_address": "71.177.221.212",
      "user_agent": "Mozilla/5.0 (Macintosh; Intel Mac OS X 10_11_6) AppleWebKit/537.36 (KHTML, like Gecko) Chrome/65.0.3325.162 Safari/537.36",
      "datr_cookie": "FLhw********************"
    },
    {
      "action": "Session updated",
      "timestamp": 1521568778,
      "ip_address": "71.177.221.212",
      "user_agent": "Mozilla/5.0 (Macintosh; Intel Mac OS X 10_11_6) AppleWebKit/537.36 (KHTML, like Gecko) Chrome/65.0.3325.162 Safari/537.36",
      "datr_cookie": "FLhw********************"
    },
    {
      "action": "Session updated",
      "timestamp": 1521517804,
      "ip_address": "172.91.76.65",
      "user_agent": "Mozilla/5.0 (Macintosh; Intel Mac OS X 10_11_6) AppleWebKit/537.36 (KHTML, like Gecko) Chrome/64.0.3282.186 Safari/537.36",
      "datr_cookie": "FLhw********************"
    },
    {
      "action": "Session updated",
      "timestamp": 1521498326,
      "ip_address": "71.177.221.212",
      "user_agent": "Mozilla/5.0 (Macintosh; Intel Mac OS X 10_11_6) AppleWebKit/537.36 (KHTML, like Gecko) Chrome/64.0.3282.186 Safari/537.36",
      "datr_cookie": "FLhw********************"
    },
    {
      "action": "Session updated",
      "timestamp": 1521477752,
      "ip_address": "71.177.221.212",
      "user_agent": "Mozilla/5.0 (Macintosh; Intel Mac OS X 10_11_6) AppleWebKit/537.36 (KHTML, like Gecko) Chrome/64.0.3282.186 Safari/537.36",
      "datr_cookie": "FLhw********************"
    },
    {
      "action": "Session updated",
      "timestamp": 1521232719,
      "ip_address": "71.177.221.212",
      "user_agent": "Mozilla/5.0 (Macintosh; Intel Mac OS X 10_11_6) AppleWebKit/537.36 (KHTML, like Gecko) Chrome/64.0.3282.186 Safari/537.36",
      "datr_cookie": "FLhw********************"
    },
    {
      "action": "Session updated",
      "timestamp": 1521140596,
      "ip_address": "71.177.221.212",
      "user_agent": "Mozilla/5.0 (Macintosh; Intel Mac OS X 10_11_6) AppleWebKit/537.36 (KHTML, like Gecko) Chrome/64.0.3282.186 Safari/537.36",
      "datr_cookie": "FLhw********************"
    },
    {
      "action": "Session updated",
      "timestamp": 1521130606,
      "ip_address": "71.177.221.212",
      "user_agent": "Mozilla/5.0 (Macintosh; Intel Mac OS X 10_11_6) AppleWebKit/537.36 (KHTML, like Gecko) Chrome/64.0.3282.186 Safari/537.36",
      "datr_cookie": "FLhw********************"
    },
    {
      "action": "Session updated",
      "timestamp": 1521068609,
      "ip_address": "71.177.221.212",
      "user_agent": "Mozilla/5.0 (Macintosh; Intel Mac OS X 10_11_6) AppleWebKit/537.36 (KHTML, like Gecko) Chrome/64.0.3282.186 Safari/537.36",
      "datr_cookie": "FLhw********************"
    },
    {
      "action": "Session updated",
      "timestamp": 1521061890,
      "ip_address": "71.177.221.212",
      "user_agent": "Mozilla/5.0 (Macintosh; Intel Mac OS X 10_11_6) AppleWebKit/537.36 (KHTML, like Gecko) Chrome/64.0.3282.186 Safari/537.36",
      "datr_cookie": "FLhw********************"
    },
    {
      "action": "Session updated",
      "timestamp": 1521046017,
      "ip_address": "71.177.221.212",
      "user_agent": "Mozilla/5.0 (Macintosh; Intel Mac OS X 10_11_6) AppleWebKit/537.36 (KHTML, like Gecko) Chrome/64.0.3282.186 Safari/537.36",
      "datr_cookie": "FLhw********************"
    },
    {
      "action": "Session updated",
      "timestamp": 1521011764,
      "ip_address": "172.91.76.65",
      "user_agent": "Mozilla/5.0 (Macintosh; Intel Mac OS X 10_11_6) AppleWebKit/537.36 (KHTML, like Gecko) Chrome/64.0.3282.186 Safari/537.36",
      "datr_cookie": "FLhw********************"
    },
    {
      "action": "Session updated",
      "timestamp": 1520980978,
      "ip_address": "71.177.221.212",
      "user_agent": "Mozilla/5.0 (Macintosh; Intel Mac OS X 10_11_6) AppleWebKit/537.36 (KHTML, like Gecko) Chrome/64.0.3282.186 Safari/537.36",
      "datr_cookie": "FLhw********************"
    },
    {
      "action": "Session updated",
      "timestamp": 1520975235,
      "ip_address": "71.177.221.212",
      "user_agent": "Mozilla/5.0 (Macintosh; Intel Mac OS X 10_11_6) AppleWebKit/537.36 (KHTML, like Gecko) Chrome/64.0.3282.186 Safari/537.36",
      "datr_cookie": "FLhw********************"
    },
    {
      "action": "Session updated",
      "timestamp": 1520962984,
      "ip_address": "71.177.221.212",
      "user_agent": "Mozilla/5.0 (Macintosh; Intel Mac OS X 10_11_6) AppleWebKit/537.36 (KHTML, like Gecko) Chrome/64.0.3282.186 Safari/537.36",
      "datr_cookie": "FLhw********************"
    },
    {
      "action": "Session updated",
      "timestamp": 1520914804,
      "ip_address": "99.203.11.45",
      "user_agent": "Mozilla/5.0 (iPhone; CPU iPhone OS 11_0_3 like Mac OS X) AppleWebKit/604.1.34 (KHTML, like Gecko) CriOS/63.0.3239.73 Mobile/15A432 Safari/604.1",
      "datr_cookie": "P0Bc********************"
    },
    {
      "action": "Session updated",
      "timestamp": 1520884636,
      "ip_address": "71.177.221.212",
      "user_agent": "Mozilla/5.0 (Macintosh; Intel Mac OS X 10_11_6) AppleWebKit/537.36 (KHTML, like Gecko) Chrome/64.0.3282.186 Safari/537.36",
      "datr_cookie": "FLhw********************"
    },
    {
      "action": "Session updated",
      "timestamp": 1520878682,
      "ip_address": "71.177.221.212",
      "user_agent": "Mozilla/5.0 (Macintosh; Intel Mac OS X 10_11_6) AppleWebKit/537.36 (KHTML, like Gecko) Chrome/64.0.3282.186 Safari/537.36",
      "datr_cookie": "FLhw********************"
    },
    {
      "action": "Session updated",
      "timestamp": 1520870850,
      "ip_address": "71.177.221.212",
      "user_agent": "Mozilla/5.0 (Macintosh; Intel Mac OS X 10_11_6) AppleWebKit/537.36 (KHTML, like Gecko) Chrome/64.0.3282.186 Safari/537.36",
      "datr_cookie": "FLhw********************"
    },
    {
      "action": "Session updated",
      "timestamp": 1520864291,
      "ip_address": "172.91.76.65",
      "user_agent": "Mozilla/5.0 (iPhone; CPU iPhone OS 11_0_3 like Mac OS X) AppleWebKit/604.1.34 (KHTML, like Gecko) CriOS/63.0.3239.73 Mobile/15A432 Safari/604.1",
      "datr_cookie": "P0Bc********************"
    },
    {
      "action": "Session updated",
      "timestamp": 1520637144,
      "ip_address": "71.177.221.212",
      "user_agent": "Mozilla/5.0 (Macintosh; Intel Mac OS X 10_11_6) AppleWebKit/537.36 (KHTML, like Gecko) Chrome/63.0.3239.132 Safari/537.36",
      "datr_cookie": "FLhw********************"
    },
    {
      "action": "Session updated",
      "timestamp": 1520631947,
      "ip_address": "71.177.221.212",
      "user_agent": "Mozilla/5.0 (Macintosh; Intel Mac OS X 10_11_6) AppleWebKit/537.36 (KHTML, like Gecko) Chrome/63.0.3239.132 Safari/537.36",
      "datr_cookie": "FLhw********************"
    },
    {
      "action": "Session updated",
      "timestamp": 1520621660,
      "ip_address": "71.177.221.212",
      "user_agent": "Mozilla/5.0 (Macintosh; Intel Mac OS X 10_11_6) AppleWebKit/537.36 (KHTML, like Gecko) Chrome/63.0.3239.132 Safari/537.36",
      "datr_cookie": "FLhw********************"
    },
    {
      "action": "Session updated",
      "timestamp": 1520551883,
      "ip_address": "71.177.221.212",
      "user_agent": "Mozilla/5.0 (Macintosh; Intel Mac OS X 10_11_6) AppleWebKit/537.36 (KHTML, like Gecko) Chrome/63.0.3239.132 Safari/537.36",
      "datr_cookie": "FLhw********************"
    },
    {
      "action": "Session updated",
      "timestamp": 1520529331,
      "ip_address": "71.177.221.212",
      "user_agent": "Mozilla/5.0 (Macintosh; Intel Mac OS X 10_11_6) AppleWebKit/537.36 (KHTML, like Gecko) Chrome/63.0.3239.132 Safari/537.36",
      "datr_cookie": "FLhw********************"
    },
    {
      "action": "Session updated",
      "timestamp": 1520468495,
      "ip_address": "71.177.221.212",
      "user_agent": "Mozilla/5.0 (Macintosh; Intel Mac OS X 10_11_6) AppleWebKit/537.36 (KHTML, like Gecko) Chrome/63.0.3239.132 Safari/537.36",
      "datr_cookie": "FLhw********************"
    },
    {
      "action": "Session updated",
      "timestamp": 1520464822,
      "ip_address": "71.177.221.212",
      "user_agent": "Mozilla/5.0 (Macintosh; Intel Mac OS X 10_11_6) AppleWebKit/537.36 (KHTML, like Gecko) Chrome/63.0.3239.132 Safari/537.36",
      "datr_cookie": "FLhw********************"
    },
    {
      "action": "Session updated",
      "timestamp": 1520458387,
      "ip_address": "71.177.221.212",
      "user_agent": "Mozilla/5.0 (Macintosh; Intel Mac OS X 10_11_6) AppleWebKit/537.36 (KHTML, like Gecko) Chrome/63.0.3239.132 Safari/537.36",
      "datr_cookie": "FLhw********************"
    },
    {
      "action": "Session updated",
      "timestamp": 1520447581,
      "ip_address": "71.177.221.212",
      "user_agent": "Mozilla/5.0 (Macintosh; Intel Mac OS X 10_11_6) AppleWebKit/537.36 (KHTML, like Gecko) Chrome/63.0.3239.132 Safari/537.36",
      "datr_cookie": "FLhw********************"
    },
    {
      "action": "Session updated",
      "timestamp": 1520402326,
      "ip_address": "172.91.76.65",
      "user_agent": "Mozilla/5.0 (Macintosh; Intel Mac OS X 10_11_6) AppleWebKit/537.36 (KHTML, like Gecko) Chrome/63.0.3239.132 Safari/537.36",
      "datr_cookie": "FLhw********************"
    },
    {
      "action": "Session updated",
      "timestamp": 1520383927,
      "ip_address": "71.177.221.212",
      "user_agent": "Mozilla/5.0 (Macintosh; Intel Mac OS X 10_11_6) AppleWebKit/537.36 (KHTML, like Gecko) Chrome/63.0.3239.132 Safari/537.36",
      "datr_cookie": "FLhw********************"
    },
    {
      "action": "Session updated",
      "timestamp": 1520375449,
      "ip_address": "71.177.221.212",
      "user_agent": "Mozilla/5.0 (Macintosh; Intel Mac OS X 10_11_6) AppleWebKit/537.36 (KHTML, like Gecko) Chrome/63.0.3239.132 Safari/537.36",
      "datr_cookie": "FLhw********************"
    },
    {
      "action": "Session updated",
      "timestamp": 1520356299,
      "ip_address": "71.177.221.212",
      "user_agent": "Mozilla/5.0 (Macintosh; Intel Mac OS X 10_11_6) AppleWebKit/537.36 (KHTML, like Gecko) Chrome/63.0.3239.132 Safari/537.36",
      "datr_cookie": "FLhw********************"
    },
    {
      "action": "Session updated",
      "timestamp": 1520271544,
      "ip_address": "71.177.221.212",
      "user_agent": "Mozilla/5.0 (Macintosh; Intel Mac OS X 10_11_6) AppleWebKit/537.36 (KHTML, like Gecko) Chrome/63.0.3239.132 Safari/537.36",
      "datr_cookie": "FLhw********************"
    },
    {
      "action": "Session updated",
      "timestamp": 1520103477,
      "ip_address": "98.176.89.61",
      "user_agent": "Mozilla/5.0 (iPhone; CPU iPhone OS 11_0_3 like Mac OS X) AppleWebKit/604.1.34 (KHTML, like Gecko) CriOS/63.0.3239.73 Mobile/15A432 Safari/604.1",
      "datr_cookie": "P0Bc********************"
    },
    {
      "action": "Session updated",
      "timestamp": 1520034208,
      "ip_address": "71.177.221.212",
      "user_agent": "Mozilla/5.0 (Macintosh; Intel Mac OS X 10_11_6) AppleWebKit/537.36 (KHTML, like Gecko) Chrome/63.0.3239.132 Safari/537.36",
      "datr_cookie": "FLhw********************"
    },
    {
      "action": "Session updated",
      "timestamp": 1520027015,
      "ip_address": "71.177.221.212",
      "user_agent": "Mozilla/5.0 (Macintosh; Intel Mac OS X 10_11_6) AppleWebKit/537.36 (KHTML, like Gecko) Chrome/63.0.3239.132 Safari/537.36",
      "datr_cookie": "FLhw********************"
    },
    {
      "action": "Session updated",
      "timestamp": 1520022693,
      "ip_address": "71.177.221.212",
      "user_agent": "Mozilla/5.0 (Macintosh; Intel Mac OS X 10_11_6) AppleWebKit/537.36 (KHTML, like Gecko) Chrome/63.0.3239.132 Safari/537.36",
      "datr_cookie": "FLhw********************"
    },
    {
      "action": "Session updated",
      "timestamp": 1520011789,
      "ip_address": "71.177.221.212",
      "user_agent": "Mozilla/5.0 (Macintosh; Intel Mac OS X 10_11_6) AppleWebKit/537.36 (KHTML, like Gecko) Chrome/63.0.3239.132 Safari/537.36",
      "datr_cookie": "FLhw********************"
    },
    {
      "action": "Session updated",
      "timestamp": 1519973780,
      "ip_address": "172.91.76.65",
      "user_agent": "Mozilla/5.0 (Macintosh; Intel Mac OS X 10_11_6) AppleWebKit/537.36 (KHTML, like Gecko) Chrome/63.0.3239.132 Safari/537.36",
      "datr_cookie": "FLhw********************"
    },
    {
      "action": "Session updated",
      "timestamp": 1519955077,
      "ip_address": "71.177.221.212",
      "user_agent": "Mozilla/5.0 (Macintosh; Intel Mac OS X 10_11_6) AppleWebKit/537.36 (KHTML, like Gecko) Chrome/63.0.3239.132 Safari/537.36",
      "datr_cookie": "FLhw********************"
    },
    {
      "action": "Session updated",
      "timestamp": 1519948254,
      "ip_address": "71.177.221.212",
      "user_agent": "Mozilla/5.0 (Macintosh; Intel Mac OS X 10_11_6) AppleWebKit/537.36 (KHTML, like Gecko) Chrome/63.0.3239.132 Safari/537.36",
      "datr_cookie": "FLhw********************"
    },
    {
      "action": "Session updated",
      "timestamp": 1519930879,
      "ip_address": "71.177.221.212",
      "user_agent": "Mozilla/5.0 (Macintosh; Intel Mac OS X 10_11_6) AppleWebKit/537.36 (KHTML, like Gecko) Chrome/63.0.3239.132 Safari/537.36",
      "datr_cookie": "FLhw********************"
    },
    {
      "action": "Session updated",
      "timestamp": 1519924789,
      "ip_address": "71.177.221.212",
      "user_agent": "Mozilla/5.0 (Macintosh; Intel Mac OS X 10_11_6) AppleWebKit/537.36 (KHTML, like Gecko) Chrome/63.0.3239.132 Safari/537.36",
      "datr_cookie": "FLhw********************"
    },
    {
      "action": "Session updated",
      "timestamp": 1519868945,
      "ip_address": "172.91.76.65",
      "user_agent": "Mozilla/5.0 (Macintosh; Intel Mac OS X 10_11_6) AppleWebKit/537.36 (KHTML, like Gecko) Chrome/63.0.3239.132 Safari/537.36",
      "datr_cookie": "FLhw********************"
    },
    {
      "action": "Session updated",
      "timestamp": 1519852854,
      "ip_address": "71.177.221.212",
      "user_agent": "Mozilla/5.0 (Macintosh; Intel Mac OS X 10_11_6) AppleWebKit/537.36 (KHTML, like Gecko) Chrome/63.0.3239.132 Safari/537.36",
      "datr_cookie": "FLhw********************"
    },
    {
      "action": "Session updated",
      "timestamp": 1519840560,
      "ip_address": "71.177.221.212",
      "user_agent": "Mozilla/5.0 (Macintosh; Intel Mac OS X 10_11_6) AppleWebKit/537.36 (KHTML, like Gecko) Chrome/63.0.3239.132 Safari/537.36",
      "datr_cookie": "FLhw********************"
    },
    {
      "action": "Session updated",
      "timestamp": 1519828686,
      "ip_address": "172.91.76.65",
      "user_agent": "Mozilla/5.0 (Macintosh; Intel Mac OS X 10_11_6) AppleWebKit/537.36 (KHTML, like Gecko) Chrome/63.0.3239.132 Safari/537.36",
      "datr_cookie": "FLhw********************"
    },
    {
      "action": "Session updated",
      "timestamp": 1519777452,
      "ip_address": "71.177.221.212",
      "user_agent": "Mozilla/5.0 (Macintosh; Intel Mac OS X 10_11_6) AppleWebKit/537.36 (KHTML, like Gecko) Chrome/63.0.3239.132 Safari/537.36",
      "datr_cookie": "FLhw********************"
    },
    {
      "action": "Session updated",
      "timestamp": 1519773372,
      "ip_address": "71.177.221.212",
      "user_agent": "Mozilla/5.0 (Macintosh; Intel Mac OS X 10_11_6) AppleWebKit/537.36 (KHTML, like Gecko) Chrome/63.0.3239.132 Safari/537.36",
      "datr_cookie": "FLhw********************"
    },
    {
      "action": "Session updated",
      "timestamp": 1519756084,
      "ip_address": "71.177.221.212",
      "user_agent": "Mozilla/5.0 (Macintosh; Intel Mac OS X 10_11_6) AppleWebKit/537.36 (KHTML, like Gecko) Chrome/63.0.3239.132 Safari/537.36",
      "datr_cookie": "FLhw********************"
    },
    {
      "action": "Session updated",
      "timestamp": 1519744107,
      "ip_address": "172.91.76.65",
      "user_agent": "Mozilla/5.0 (Macintosh; Intel Mac OS X 10_11_6) AppleWebKit/537.36 (KHTML, like Gecko) Chrome/63.0.3239.132 Safari/537.36",
      "datr_cookie": "FLhw********************"
    },
    {
      "action": "Session updated",
      "timestamp": 1519687013,
      "ip_address": "71.177.221.212",
      "user_agent": "Mozilla/5.0 (Macintosh; Intel Mac OS X 10_11_6) AppleWebKit/537.36 (KHTML, like Gecko) Chrome/63.0.3239.132 Safari/537.36",
      "datr_cookie": "FLhw********************"
    },
    {
      "action": "Session updated",
      "timestamp": 1519681710,
      "ip_address": "71.177.221.212",
      "user_agent": "Mozilla/5.0 (Macintosh; Intel Mac OS X 10_11_6) AppleWebKit/537.36 (KHTML, like Gecko) Chrome/63.0.3239.132 Safari/537.36",
      "datr_cookie": "FLhw********************"
    },
    {
      "action": "Session updated",
      "timestamp": 1519674950,
      "ip_address": "71.177.221.212",
      "user_agent": "Mozilla/5.0 (Macintosh; Intel Mac OS X 10_11_6) AppleWebKit/537.36 (KHTML, like Gecko) Chrome/63.0.3239.132 Safari/537.36",
      "datr_cookie": "FLhw********************"
    },
    {
      "action": "Session updated",
      "timestamp": 1519671044,
      "ip_address": "71.177.221.212",
      "user_agent": "Mozilla/5.0 (Macintosh; Intel Mac OS X 10_11_6) AppleWebKit/537.36 (KHTML, like Gecko) Chrome/63.0.3239.132 Safari/537.36",
      "datr_cookie": "FLhw********************"
    },
    {
      "action": "Session updated",
      "timestamp": 1519492585,
      "ip_address": "70.42.240.30",
      "user_agent": "Mozilla/5.0 (Macintosh; Intel Mac OS X 10_11_6) AppleWebKit/537.36 (KHTML, like Gecko) Chrome/63.0.3239.132 Safari/537.36",
      "datr_cookie": "FLhw********************"
    },
    {
      "action": "Session updated",
      "timestamp": 1519359460,
      "ip_address": "172.91.76.65",
      "user_agent": "Mozilla/5.0 (Macintosh; Intel Mac OS X 10_11_6) AppleWebKit/537.36 (KHTML, like Gecko) Chrome/63.0.3239.132 Safari/537.36",
      "datr_cookie": "FLhw********************"
    },
    {
      "action": "Session updated",
      "timestamp": 1519340333,
      "ip_address": "71.177.221.212",
      "user_agent": "Mozilla/5.0 (Macintosh; Intel Mac OS X 10_11_6) AppleWebKit/537.36 (KHTML, like Gecko) Chrome/63.0.3239.132 Safari/537.36",
      "datr_cookie": "FLhw********************"
    },
    {
      "action": "Session updated",
      "timestamp": 1519324519,
      "ip_address": "71.177.221.212",
      "user_agent": "Mozilla/5.0 (Macintosh; Intel Mac OS X 10_11_6) AppleWebKit/537.36 (KHTML, like Gecko) Chrome/63.0.3239.132 Safari/537.36",
      "datr_cookie": "FLhw********************"
    },
    {
      "action": "Session updated",
      "timestamp": 1519320235,
      "ip_address": "71.177.221.212",
      "user_agent": "Mozilla/5.0 (Macintosh; Intel Mac OS X 10_11_6) AppleWebKit/537.36 (KHTML, like Gecko) Chrome/63.0.3239.132 Safari/537.36",
      "datr_cookie": "FLhw********************"
    },
    {
      "action": "Session updated",
      "timestamp": 1519264310,
      "ip_address": "71.177.221.212",
      "user_agent": "Mozilla/5.0 (Macintosh; Intel Mac OS X 10_11_6) AppleWebKit/537.36 (KHTML, like Gecko) Chrome/63.0.3239.132 Safari/537.36",
      "datr_cookie": "FLhw********************"
    },
    {
      "action": "Session updated",
      "timestamp": 1519250677,
      "ip_address": "71.177.221.212",
      "user_agent": "Mozilla/5.0 (Macintosh; Intel Mac OS X 10_11_6) AppleWebKit/537.36 (KHTML, like Gecko) Chrome/63.0.3239.132 Safari/537.36",
      "datr_cookie": "FLhw********************"
    },
    {
      "action": "Session updated",
      "timestamp": 1519241374,
      "ip_address": "71.177.221.212",
      "user_agent": "Mozilla/5.0 (Macintosh; Intel Mac OS X 10_11_6) AppleWebKit/537.36 (KHTML, like Gecko) Chrome/63.0.3239.132 Safari/537.36",
      "datr_cookie": "FLhw********************"
    },
    {
      "action": "Session updated",
      "timestamp": 1519233298,
      "ip_address": "71.177.221.212",
      "user_agent": "Mozilla/5.0 (Macintosh; Intel Mac OS X 10_11_6) AppleWebKit/537.36 (KHTML, like Gecko) Chrome/63.0.3239.132 Safari/537.36",
      "datr_cookie": "FLhw********************"
    },
    {
      "action": "Session updated",
      "timestamp": 1519172487,
      "ip_address": "71.177.221.212",
      "user_agent": "Mozilla/5.0 (Macintosh; Intel Mac OS X 10_11_6) AppleWebKit/537.36 (KHTML, like Gecko) Chrome/63.0.3239.132 Safari/537.36",
      "datr_cookie": "FLhw********************"
    },
    {
      "action": "Session updated",
      "timestamp": 1519151573,
      "ip_address": "71.177.221.212",
      "user_agent": "Mozilla/5.0 (Macintosh; Intel Mac OS X 10_11_6) AppleWebKit/537.36 (KHTML, like Gecko) Chrome/63.0.3239.132 Safari/537.36",
      "datr_cookie": "FLhw********************"
    },
    {
      "action": "Session updated",
      "timestamp": 1519146208,
      "ip_address": "71.177.221.212",
      "user_agent": "Mozilla/5.0 (Macintosh; Intel Mac OS X 10_11_6) AppleWebKit/537.36 (KHTML, like Gecko) Chrome/63.0.3239.132 Safari/537.36",
      "datr_cookie": "FLhw********************"
    },
    {
      "action": "Session updated",
      "timestamp": 1518841520,
      "ip_address": "172.91.76.65",
      "user_agent": "Mozilla/5.0 (Macintosh; Intel Mac OS X 10_11_6) AppleWebKit/537.36 (KHTML, like Gecko) Chrome/63.0.3239.132 Safari/537.36",
      "datr_cookie": "FLhw********************"
    },
    {
      "action": "Session updated",
      "timestamp": 1518808104,
      "ip_address": "71.177.221.212",
      "user_agent": "Mozilla/5.0 (Macintosh; Intel Mac OS X 10_11_6) AppleWebKit/537.36 (KHTML, like Gecko) Chrome/63.0.3239.132 Safari/537.36",
      "datr_cookie": "FLhw********************"
    },
    {
      "action": "Session updated",
      "timestamp": 1518750557,
      "ip_address": "172.91.76.65",
      "user_agent": "Mozilla/5.0 (Macintosh; Intel Mac OS X 10_11_6) AppleWebKit/537.36 (KHTML, like Gecko) Chrome/63.0.3239.132 Safari/537.36",
      "datr_cookie": "FLhw********************"
    },
    {
      "action": "Session updated",
      "timestamp": 1518640766,
      "ip_address": "71.177.221.212",
      "user_agent": "Mozilla/5.0 (Macintosh; Intel Mac OS X 10_11_6) AppleWebKit/537.36 (KHTML, like Gecko) Chrome/63.0.3239.132 Safari/537.36",
      "datr_cookie": "FLhw********************"
    },
    {
      "action": "Session updated",
      "timestamp": 1518620591,
      "ip_address": "172.91.76.65",
      "user_agent": "Mozilla/5.0 (iPhone; CPU iPhone OS 11_0_3 like Mac OS X) AppleWebKit/604.1.34 (KHTML, like Gecko) CriOS/63.0.3239.73 Mobile/15A432 Safari/604.1",
      "datr_cookie": "P0Bc********************"
    },
    {
      "action": "Session updated",
      "timestamp": 1518590528,
      "ip_address": "172.91.76.65",
      "user_agent": "Mozilla/5.0 (Macintosh; Intel Mac OS X 10_11_6) AppleWebKit/537.36 (KHTML, like Gecko) Chrome/63.0.3239.132 Safari/537.36",
      "datr_cookie": "FLhw********************"
    },
    {
      "action": "Login",
      "timestamp": 1518559641,
      "ip_address": "71.177.221.212",
      "user_agent": "Mozilla/5.0 (Macintosh; Intel Mac OS X 10_11_6) AppleWebKit/537.36 (KHTML, like Gecko) Chrome/63.0.3239.132 Safari/537.36",
      "datr_cookie": "FLhw********************"
    },
    {
      "action": "Web Session Terminated",
      "timestamp": 1517900695,
      "ip_address": "172.91.76.65",
      "user_agent": "Mozilla/5.0 (iPhone; CPU iPhone OS 11_0_3 like Mac OS X) AppleWebKit/604.1.38 (KHTML, like Gecko) Version/11.0 Mobile/15A432 Safari/604.1",
      "datr_cookie": "GTIL********************"
    },
    {
      "action": "Login",
      "timestamp": 1517900429,
      "ip_address": "172.91.76.65",
      "user_agent": "Mozilla/5.0 (iPhone; CPU iPhone OS 11_0_3 like Mac OS X) AppleWebKit/604.1.38 (KHTML, like Gecko) Version/11.0 Mobile/15A432 Safari/604.1",
      "datr_cookie": "GTIL********************"
    },
    {
      "action": "Session updated",
      "timestamp": 1517803607,
      "ip_address": "99.203.10.96",
      "user_agent": "Mozilla/5.0 (iPhone; CPU iPhone OS 11_0_3 like Mac OS X) AppleWebKit/604.1.34 (KHTML, like Gecko) CriOS/63.0.3239.73 Mobile/15A432 Safari/604.1",
      "datr_cookie": "P0Bc********************"
    },
    {
      "action": "Session updated",
      "timestamp": 1517673939,
      "ip_address": "99.203.11.195",
      "user_agent": "Mozilla/5.0 (iPhone; CPU iPhone OS 11_0_3 like Mac OS X) AppleWebKit/604.1.34 (KHTML, like Gecko) CriOS/63.0.3239.73 Mobile/15A432 Safari/604.1",
      "datr_cookie": "P0Bc********************"
    },
    {
      "action": "Login",
      "timestamp": 1515995225,
      "ip_address": "172.91.76.65",
      "user_agent": "Mozilla/5.0 (iPhone; CPU iPhone OS 11_0_3 like Mac OS X) AppleWebKit/604.1.34 (KHTML, like Gecko) CriOS/63.0.3239.73 Mobile/15A432 Safari/604.1",
      "datr_cookie": "P0Bc********************"
    },
    {
      "action": "Web Session Terminated",
      "timestamp": 1496163324,
      "ip_address": "207.114.171.26",
      "user_agent": "Mozilla/5.0 (Windows NT 10.0; WOW64) AppleWebKit/537.36 (KHTML, like Gecko) Chrome/58.0.3029.110 Safari/537.36",
      "datr_cookie": "yKMt********************"
    },
    {
      "action": "Login",
      "timestamp": 1496163288,
      "ip_address": "207.114.171.26",
      "user_agent": "Mozilla/5.0 (Windows NT 10.0; WOW64) AppleWebKit/537.36 (KHTML, like Gecko) Chrome/58.0.3029.110 Safari/537.36",
      "datr_cookie": "yKMt********************"
    },
    {
      "action": "Web Session Terminated",
      "timestamp": 1485896430,
      "ip_address": "66.87.65.121",
      "user_agent": "Mozilla/5.0 (iPhone; CPU iPhone OS 10_2_1 like Mac OS X) AppleWebKit/602.1.50 (KHTML, like Gecko) CriOS/55.0.2883.79 Mobile/14D27 Safari/602.1",
      "datr_cookie": "OiOO********************"
    },
    {
      "action": "Login",
      "timestamp": 1485896336,
      "ip_address": "66.87.65.121",
      "user_agent": "Mozilla/5.0 (iPhone; CPU iPhone OS 10_2_1 like Mac OS X) AppleWebKit/602.1.50 (KHTML, like Gecko) CriOS/55.0.2883.79 Mobile/14D27 Safari/602.1",
      "datr_cookie": "OiOO********************"
    },
    {
      "action": "Web Session Terminated",
      "timestamp": 1373392755,
      "ip_address": "169.232.74.17",
      "user_agent": "Mozilla/5.0 (Windows NT 6.1; WOW64) AppleWebKit/537.36 (KHTML, like Gecko) Chrome/27.0.1453.116 Safari/537.36",
      "datr_cookie": "Nvzs********************"
    },
    {
      "action": "Login",
      "timestamp": 1373392487,
      "ip_address": "169.232.74.17",
      "user_agent": "Mozilla/5.0 (Windows NT 6.1; WOW64) AppleWebKit/537.36 (KHTML, like Gecko) Chrome/27.0.1453.116 Safari/537.36",
      "datr_cookie": "Nvzs********************"
    },
    {
      "action": "Password Change",
      "timestamp": 1373392487,
      "ip_address": "169.232.74.17",
      "user_agent": "Mozilla/5.0 (Windows NT 6.1; WOW64) AppleWebKit/537.36 (KHTML, like Gecko) Chrome/27.0.1453.116 Safari/537.36",
      "datr_cookie": "Nvzs********************"
    },
    {
      "action": "Mobile Session Terminated",
      "timestamp": 1373392487,
      "ip_address": "169.232.74.17",
      "user_agent": "Mozilla/5.0 (Windows NT 6.1; WOW64) AppleWebKit/537.36 (KHTML, like Gecko) Chrome/27.0.1453.116 Safari/537.36",
      "datr_cookie": "Nvzs********************"
    }
  ]
}